{"datetime": "2023-12-06 15:31:17.274117", "simulation_parameters": {"city": "spb", "city_russian": "\u0421\u0430\u043d\u043a\u0442-\u041f\u0435\u0442\u0435\u0440\u0431\u0443\u0440\u0433", "year": 2010, "incidence": "total", "exposed": [0.6081385649385342], "lambda": [0.16707651314610894], "a": 0.01093982936993367, "mu": 0.2, "delta": 30, "sample_size": 10, "forecasting": true, "forecast_term": 4, "inflation_parameter": 1}, "groups": ["\u0412\u0441\u0435"], "epid_data_pickled": "\"\\u0413\\u043e\\u0434,\\u041d\\u0435\\u0434\\u0435\\u043b\\u044f,\\u0412\\u0441\\u0435,\\u041d\\u0430\\u0441\\u0435\\u043b\\u0435\\u043d\\u0438\\u0435,\\u0412\\u0441\\u0435_rel\\r\\n2010.0,51.0,4556.0,4581854.0,0.9943573060162982\\r\\n2010.0,52.0,3453.0,4600276.0,0.7506071374847944\\r\\n2011.0,1.0,4139.0,4600276.0,0.8997286249781535\\r\\n2011.0,2.0,6440.0,4600276.0,1.3999160050396977\\r\\n2011.0,3.0,17147.0,4600276.0,3.727385052549021\\r\\n2011.0,4.0,28335.0,4600276.0,6.159413043913017\\r\\n2011.0,5.0,30047.0,4600276.0,6.531564627861458\\r\\n2011.0,6.0,35775.0,4600276.0,7.776707310604842\\r\\n2011.0,7.0,29277.0,4600276.0,6.364183366389321\\r\\n2011.0,8.0,7792.0,4600276.0,1.6938114147933732\\r\\n2011.0,9.0,27646.0,4600276.0,6.009639421634702\\r\\n2011.0,10.0,8790.0,4600276.0,1.910754919922196\\r\\n2011.0,11.0,16819.0,4600276.0,3.656084982727123\\r\\n2011.0,12.0,8879.0,4600276.0,1.9301015852092354\\r\\n2011.0,13.0,5078.0,4600276.0,1.1038468126695007\\r\\n2011.0,14.0,1464.0,4600276.0,0.31824177505871387\\r\\n2011.0,15.0,2348.0,4600276.0,0.5104041583591941\\r\\n2011.0,16.0,448.0,4600276.0,0.09738546122015287\\r\\n2011.0,17.0,3310.0,4600276.0,0.7195220460685402\\r\\n2011.0,18.0,891.0,4600276.0,0.19368403113204513\\r\\n2011.0,19.0,4933.0,4600276.0,1.0723269647299423\\r\\n2011.0,20.0,3188.0,4600276.0,0.6930018981469808\\r\\n\"", "model_obj_pickled": "{\"py/object\": \"models.BR_model_new.BRModel\", \"q\": [0.0, 0.0, 1, 0.9, 0.55, 0.3, 0.15, 0.05], \"N\": 1800, \"M\": [[6.528]], \"pop_size\": 4581854.0, \"mu\": 0.2, \"incidence_type\": \"total\", \"a_detail\": false, \"age_groups\": [\"total\"], \"strains\": [\"generic\"], \"history_states\": [\"Exposed\", \"Not exposed\"], \"exposed_fraction_h\": [[0.6081385649385342, 0.39186143506146576]], \"lam_m\": [0.16707651314610894], \"a\": [0.01093982936993367]}", "simul_weekly_pickled": "\"\\u0412\\u0441\\u0435\\r\\n2.0771384915259477\\r\\n1.7614424481809854\\r\\n1.819270132062818\\r\\n1.895483204261202\\r\\n1.9762116056222867\\r\\n2.060443756200831\\r\\n2.1482641667350366\\r\\n2.2398223626697216\\r\\n2.335276882646143\\r\\n2.434793029858792\\r\\n2.5385430748119693\\r\\n2.646706546020415\\r\\n2.7594705319887995\\r\\n2.8770299950291243\\r\\n2.9995880976664497\\r\\n3.1273565421370533\\r\\n3.2605559234682575\\r\\n3.399416096641475\\r\\n3.5441765583545703\\r\\n3.6950868439143516\\r\\n3.852406939804799\\r\\n4.0164077124913575\\r\\n4.187371354036218\\r\\n4.365591845114026\\r\\n4.551375436031675\\r\\n4.745041146369748\\r\\n4.94692128387674\\r\\n5.15736198326019\\r\\n5.376723765531274\\r\\n5.605382118571121\\r\\n5.8437280995979\\r\\n6.092168960223584\\r\\n6.351128794797877\\r\\n6.621049212744153\\r\\n6.902390035597916\\r\\n7.195630019462302\\r\\n7.501267603597118\\r\\n7.819821685857571\\r\\n8.1518324256961\\r\\n8.497862075434991\\r\\n8.858495840508578\\r\\n9.234342769361483\\r\\n9.626036673672964\\r\\n10.03423707955671\\r\\n10.459630210359869\\r\\n10.902930001654134\\r\\n11.364879148974946\\r\\n11.846250188821479\\r\\n12.347846613379632\\r\\n12.87050401937196\\r\\n13.415091291371569\\r\\n13.982511819840663\\r\\n14.573704754068011\\r\\n15.189646290081672\\r\\n15.831350993503515\\r\\n16.499873157188752\\r\\n17.196308193356064\\r\\n17.92179405976059\\r\\n18.677512719291713\\r\\n19.464691632188977\\r\\n20.28460527986083\\r\\n21.13857671906091\\r\\n22.027979164923515\\r\\n22.95423760108172\\r\\n23.918830414786836\\r\\n24.92329105461423\\r\\n25.969209707975924\\r\\n27.058234995262993\\r\\n28.19207567700761\\r\\n29.372502369984225\\r\\n30.601349267658186\\r\\n31.880515859836812\\r\\n33.2119686457785\\r\\n34.5977428343686\\r\\n36.039944024272394\\r\\n37.540749856224075\\r\\n39.102411628801796\\r\\n40.72725586817179\\r\\n42.4176858413541\\r\\n44.176183001568305\\r\\n46.00530835315513\\r\\n47.90770372243784\\r\\n49.88609291968328\\r\\n51.9432827760434\\r\\n54.08216403800432\\r\\n56.3057121004384\\r\\n58.61698755784529\\r\\n61.01913655178081\\r\\n63.51539089080798\\r\\n66.1090679175628\\r\\n68.80357009571367\\r\\n71.60238428770784\\r\\n74.50908069224778\\r\\n77.52731140842974\\r\\n80.66080859141682\\r\\n83.91338216241294\\r\\n87.2889170335727\\r\\n90.79136980633122\\r\\n94.42476489948902\\r\\n98.19319006125917\\r\\n102.10079121739713\\r\\n106.15176660551724\\r\\n110.35036014378194\\r\\n114.70085398036349\\r\\n119.20756016846471\\r\\n123.87481141028212\\r\\n128.70695081215544\\r\\n133.7083205923205\\r\\n138.883249682226\\r\\n144.23604016235484\\r\\n149.77095247397145\\r\\n155.49218934927865\\r\\n161.40387840418242\\r\\n167.51005334032507\\r\\n173.81463370633668\\r\\n180.3214031724732\\r\\n187.0339862780517\\r\\n193.9558236174569\\r\\n201.090145438087\\r\\n208.43994363252648\\r\\n216.00794211758355\\r\\n223.79656560470718\\r\\n231.80790677979306\\r\\n240.04369192558448\\r\\n248.50524503684198\\r\\n257.19345049725257\\r\\n266.1087144077133\\r\\n275.2509246781656\\r\\n284.61941001957007\\r\\n294.2128979988426\\r\\n304.0294723475456\\r\\n314.0665297447178\\r\\n324.32073632525567\\r\\n334.7879841975117\\r\\n345.46334828696376\\r\\n356.34104385659225\\r\\n367.4143850885821\\r\\n378.67574514564706\\r\\n390.1165181631435\\r\\n401.7270836545571\\r\\n413.4967738422495\\r\\n425.4138444517972\\r\\n437.46544953103273\\r\\n449.63762087318014\\r\\n461.9152526363531\\r\\n474.28209175827016\\r\\n486.7207347644086\\r\\n499.21263155907843\\r\\n511.7380967711795\\r\\n524.2763291989219\\r\\n536.8054398598431\\r\\n549.3024891034455\\r\\n561.7435331833053\\r\\n574.1036806133096\\r\\n586.357158548755\\r\\n598.4773893375929\\r\\n610.4370772806554\\r\\n622.208305523005\\r\\n633.7626428727251\\r\\n645.0712602099321\\r\\n656.1050560092483\\r\\n666.8347903554777\\r\\n677.2312266870878\\r\\n687.2652803578844\\r\\n696.908172966758\\r\\n706.1315912715223\\r\\n714.907849378651\\r\\n723.2100527892343\\r\\n731.0122627856605\\r\\n738.2896595662207\\r\\n745.0187024786253\\r\\n751.1772856705645\\r\\n756.7448874677841\\r\\n761.702711809056\\r\\n766.0338201136982\\r\\n769.723252031155\\r\\n772.7581336231356\\r\\n775.1277716558723\\r\\n776.823732831408\\r\\n777.8399069601608\\r\\n778.1725532693334\\r\\n777.8203292496573\\r\\n776.7843016625561\\r\\n775.0679395569314\\r\\n772.677089374981\\r\\n769.6199324552913\\r\\n765.9069254644096\\r\\n761.5507245009331\\r\\n756.5660938148005\\r\\n750.9698002652962\\r\\n744.7804948011265\\r\\n738.0185823821643\\r\\n730.7060818730813\\r\\n722.8664775227445\\r\\n714.5245636992234\\r\\n705.7062845785039\\r\\n696.4385704860958\\r\\n686.7491725658275\\r\\n676.6664974009041\\r\\n666.2194431409223\\r\\n655.4372385974539\\r\\n644.3492866628274\\r\\n632.9850132848156\\r\\n621.3737230971497\\r\\n609.5444626651924\\r\\n597.5258921607789\\r\\n585.3461661330043\\r\\n573.0328238953725\\r\\n560.6126899065982\\r\\n548.1117843847277\\r\\n535.5552442639298\\r\\n522.9672544818844\\r\\n510.37098947439995\\r\\n497.78856465360377\\r\\n485.240997557411\\r\\n472.7481782812722\\r\\n460.3288487385058\\r\\n448.00059024265244\\r\\n435.779818863858\\r\\n423.68178798076804\\r\\n411.720597429088\\r\\n399.90920863706583\\r\\n388.2594651357909\\r\\n376.7821178374833\\r\\n365.4868544869207\\r\\n354.38233270887326\\r\\n343.4762160969889\\r\\n332.77521281608557\\r\\n322.2851162194414\\r\\n312.01084701463685\\r\\n301.9564965450857\\r\\n292.12537078894184\\r\\n282.52003471201016\\r\\n273.1423566461151\\r\\n263.9935523986609\\r\\n255.07422883247276\\r\\n246.38442668715317\\r\\n237.92366244386278\\r\\n229.69096906446183\\r\\n221.6849354631917\\r\\n213.90374459443436\\r\\n206.34521006352088\\r\\n199.00