{
  "city": "spb",
  "year": 2010,
  "incidence": "strain_age-group",
  "exposed": {
    "0-14": {
      "A(H1N1)": 0.26934818007330236,
      "A(H3N2)": 0.9,
      "B": 0.24085705533787935
    },
    "15+": {
      "A(H1N1)": 0.8318945681908346,
      "A(H3N2)": 0.4532701740867703,
      "B": 0.11561966774301881
    }
  },
  "lambda": {
      "A(H1N1)": 0.3,
      "A(H3N2)": 0.09659722555326276,
      "B": 0.11197409482841345
  },
  "a": 0.01093982936993367,
  "mu": 0.2,
  "delta": 30
}