{
  "city": "spb",
  "year": 2010,
  "incidence": "strain",
  "exposed": {
    "A(H1N1)": 0.8318945681908346,
    "A(H3N2)": 0.4532701740867703,
    "B": 0.11561966774301881
  },
  "lambda": {
    "A(H1N1)": 0.13516497447559267,
    "A(H3N2)": 0.09344715673194291,
    "B": 0.07693719659160894
  },
  "a": 0.01093982936993367,
  "mu": 0.2,
  "delta": 30
}