{
  "city": "spb",
  "year": 2010,
  "incidence": "age-group",
  "exposed": {
    "0-14": 0.005,
    "15+": 0.7
  },
  "lambda": 0.3400433789879575,
  "a": 0.01093982936993367,
  "mu": 0.2,
  "delta": 30
}