{
  "city": "spb",
  "year": 2010,
  "incidence": "total",
  "exposed": 0.6081385649385342,
  "lambda": 0.16707651314610894,
  "a": 0.01093982936993367,
  "mu": 0.2,
  "delta": 30
}
