{
    "exposed": [
        0.21007349185777127
    ],
    "lambda": [
        0.08203993351362612
    ],
    "a": [
        0.3154512022534741
    ],
    "delta": 62,
    "total_recovered": [
        532496.7459893677
    ],
    "R2": [
        0.5138918523231161
    ],
    "r0": [
        [
            3.2133401158361488
        ]
    ]
}