{"city": "spb", "year": 2013, "incidence": "total", "exposed": [0.21007349185777127], "lambda": [0.08203993351362612], "a": 0.3154512022534741, "mu": 0.2, "delta": 62}